filename,split,angle_bin,offset_bin,stratum,delta_theta_deg,delta_rho_px,delta_rho_norm,iou,latency_ms,failed
a2-converted.mp4-00.04.37.277-00.04.54.650_20.jpg,train,flat,high,flat_high,0.2062,8.1687,0.017018,0.9730,109.647,0
a2-converted.mp4-00.06.13.959-00.06.43.015_0.jpg,train,flat,high,flat_high,0.5152,9.4444,0.019676,0.9799,3.732,0
a3-converted.mp4-00.05.14.880-00.05.57.073_60.jpg,train,flat,high,flat_high,1.0469,13.3949,0.027906,0.9634,3.517,0
b4-converted.mp4-00.04.29.322-00.04.46.474_10.jpg,train,flat,high,flat_high,0.6566,19.5337,0.040695,0.0000,4.007,0
b4-converted.mp4-00.05.26.825-00.05.40.658_0.jpg,train,flat,high,flat_high,1.3740,27.6178,0.057537,0.0000,3.978,0
b4-converted.mp4-00.05.26.825-00.05.40.658_20.jpg,train,flat,high,flat_high,1.4417,259.9437,0.541549,0.5165,4.435,0
b4-converted.mp4-00.08.30.960-00.08.58.324_10.jpg,train,flat,high,flat_high,2.0969,0.9941,0.002071,0.9935,3.984,0
c1-converted.mp4-00.07.52.353-00.09.59.939_110.jpg,train,flat,high,flat_high,1.3107,10.5838,0.022050,0.0000,3.597,0
c19-converted.mp4-00.01.53.703-00.02.35.685_0.jpg,train,flat,high,flat_high,1.2848,7.2494,0.015103,0.9573,3.577,0
c19-converted.mp4-00.03.20.301-00.05.47.074_20.jpg,train,flat,high,flat_high,1.0238,8.4989,0.017706,0.9097,3.980,0
c2-converted.mp4-00.04.12.298-00.06.07.792_130.jpg,train,flat,high,flat_high,1.6590,2.3145,0.004822,0.7198,4.032,0
c2-converted.mp4-00.04.12.298-00.06.07.792_80.jpg,train,flat,high,flat_high,0.7788,16.4998,0.034375,0.0000,3.538,0
c2-converted.mp4-00.06.51.725-00.07.57.470_40.jpg,train,flat,high,flat_high,0.3682,14.1818,0.029546,0.0000,3.606,0
c20-converted.mp4-00.05.51.134-00.10.32.300_150.jpg,train,flat,high,flat_high,1.5747,0.1369,0.000285,0.0000,3.537,0
c20-converted.mp4-00.05.51.134-00.10.32.300_40.jpg,train,flat,high,flat_high,1.0709,7.7760,0.016200,0.9588,3.656,0
c20-converted.mp4-00.05.51.134-00.10.32.300_70.jpg,train,flat,high,flat_high,0.7932,8.1396,0.016958,0.9627,3.685,0
c3-converted.mp4-00.07.07.496-00.07.19.161_0.jpg,train,flat,high,flat_high,0.4929,10.0570,0.020952,0.0009,4.017,0
d6-converted.mp4-00.02.56.484-00.05.09.707_100.jpg,train,flat,high,flat_high,0.2835,13.4731,0.028069,0.8989,3.899,0
d6-converted.mp4-00.02.56.484-00.05.09.707_160.jpg,train,flat,high,flat_high,2.9773,7.1673,0.014932,0.7068,3.719,0
d6-converted.mp4-00.05.52.629-00.06.11.143_0.jpg,train,flat,high,flat_high,2.4424,22.4306,0.046731,0.0000,4.054,0
da1-converted.mp4-00.06.08.479-00.08.51.651_100.jpg,train,flat,high,flat_high,0.4228,5.5582,0.011580,0.9837,3.682,0
e1-converted.mp4-00.05.02.178-00.08.52.285_60.jpg,train,flat,high,flat_high,0.0516,0.5039,0.001050,0.9948,3.541,0
e11-converted.mp4-00.01.46.321-00.04.23.535_120.jpg,train,flat,high,flat_high,2.0187,0.0601,0.000125,0.9185,3.918,0
e6-converted.mp4-00.02.56.059-00.05.03.817_100.jpg,train,flat,high,flat_high,0.3544,13.9452,0.029053,0.8978,3.819,0
e6-converted.mp4-00.02.56.059-00.05.03.817_160.jpg,train,flat,high,flat_high,3.1333,7.7180,0.016079,0.7051,3.845,0
e6-converted.mp4-00.05.23.942-00.05.33.774_10.jpg,train,flat,high,flat_high,2.1794,1.9463,0.004055,0.9765,3.920,0
a2-converted.mp4-00.06.13.959-00.06.43.015_40.jpg,train,flat,low,flat_low,2.5971,20.5431,0.042798,0.9599,3.534,0
a2-converted.mp4-00.06.55.028-00.07.05.888_10.jpg,train,flat,low,flat_low,0.2033,2.7850,0.005802,0.9761,3.365,0
b4-converted.mp4-00.06.31.585-00.06.57.052_10.jpg,train,flat,low,flat_low,7.7522,171.6381,0.357579,,4.509,0
b4-converted.mp4-00.08.30.960-00.08.58.324_40.jpg,train,flat,low,flat_low,3.1033,41.2743,0.085988,0.0000,3.987,0
c19-converted.mp4-00.03.20.301-00.05.47.074_110.jpg,train,flat,low,flat_low,0.5921,8.6756,0.018074,0.9419,3.690,0
c20-converted.mp4-00.05.51.134-00.10.32.300_190.jpg,train,flat,low,flat_low,0.1823,23.7093,0.049394,0.8647,3.967,0
d3-converted.mp4-00.12.04.422-00.13.35.453_40.jpg,train,flat,low,flat_low,1.7597,2.9322,0.006109,0.9670,3.593,0
e12-converted.mp4-00.01.20.478-00.02.38.637_110.jpg,train,flat,low,flat_low,0.3201,10.9162,0.022742,0.0000,3.693,0
e9-converted.mp4-00.01.53.675-00.03.39.513_140.jpg,train,flat,low,flat_low,0.5402,13.8814,0.028920,0.9334,3.512,0
e9-converted.mp4-00.01.53.675-00.03.39.513_90.jpg,train,flat,low,flat_low,0.2120,7.2373,0.015078,0.9522,3.805,0
e9-converted.mp4-00.03.41.068-00.05.06.504_0.jpg,train,flat,low,flat_low,0.1097,11.4461,0.023846,0.9457,3.561,0
a2-converted.mp4-00.04.37.277-00.04.54.650_30.jpg,train,flat,mid,flat_mid,1.2346,13.8313,0.028815,0.9572,3.644,0
a2-converted.mp4-00.04.57.869-00.05.42.169_0.jpg,train,flat,mid,flat_mid,1.7366,18.8906,0.039355,0.9451,3.668,0
a2-converted.mp4-00.04.57.869-00.05.42.169_10.jpg,train,flat,mid,flat_mid,0.8219,9.5906,0.019980,0.9635,3.561,0
a2-converted.mp4-00.04.57.869-00.05.42.169_30.jpg,train,flat,mid,flat_mid,3.5519,29.7322,0.061942,0.9394,3.640,0
a2-converted.mp4-00.04.57.869-00.05.42.169_50.jpg,train,flat,mid,flat_mid,0.0562,8.1446,0.016968,0.9690,3.427,0
a2-converted.mp4-00.06.13.959-00.06.43.015_20.jpg,train,flat,mid,flat_mid,0.1694,5.9965,0.012493,0.9694,3.442,0
a2-converted.mp4-00.06.55.028-00.07.05.888_0.jpg,train,flat,mid,flat_mid,0.3081,2.4078,0.005016,0.9810,3.354,0
a2-converted.mp4-00.07.54.791-00.08.31.469_0.jpg,train,flat,mid,flat_mid,0.6030,4.3863,0.009138,0.9748,3.677,0
a2-converted.mp4-00.07.54.791-00.08.31.469_20.jpg,train,flat,mid,flat_mid,0.6353,9.4193,0.019623,0.9537,3.451,0
a2-converted.mp4-00.07.54.791-00.08.31.469_30.jpg,train,flat,mid,flat_mid,1.2701,0.8588,0.001789,0.9717,3.600,0
a2-converted.mp4-00.07.54.791-00.08.31.469_40.jpg,train,flat,mid,flat_mid,0.6358,0.7577,0.001578,0.9498,3.815,0
a2-converted.mp4-00.08.34.720-00.08.49.080_10.jpg,train,flat,mid,flat_mid,1.0987,2.1096,0.004395,0.9771,3.607,0
a3-converted.mp4-00.05.14.880-00.05.57.073_0.jpg,train,flat,mid,flat_mid,1.4658,0.9815,0.002045,0.9808,3.459,0
a3-converted.mp4-00.05.14.880-00.05.57.073_40.jpg,train,flat,mid,flat_mid,0.6337,12.5046,0.026051,0.9634,3.490,0
a3-converted.mp4-00.06.23.404-00.07.02.976_20.jpg,train,flat,mid,flat_mid,1.6540,0.4072,0.000848,0.9634,3.547,0
a3-converted.mp4-00.07.29.948-00.07.39.727_0.jpg,train,flat,mid,flat_mid,1.1249,3.8094,0.007936,0.9686,3.530,0
a3-converted.mp4-00.08.04.849-00.09.06.443_10.jpg,train,flat,mid,flat_mid,1.7755,2.4507,0.005106,0.9822,3.493,0
a3-converted.mp4-00.08.04.849-00.09.06.443_20.jpg,train,flat,mid,flat_mid,0.0087,7.5706,0.015772,0.9607,3.256,0
a3-converted.mp4-00.08.04.849-00.09.06.443_40.jpg,train,flat,mid,flat_mid,0.6449,5.6143,0.011697,0.9700,3.545,0
a3-converted.mp4-00.08.04.849-00.09.06.443_60.jpg,train,flat,mid,flat_mid,0.3704,10.7791,0.022456,0.9627,3.499,0
a4-converted.mp4-00.02.43.911-00.03.05.670_10.jpg,train,flat,mid,flat_mid,0.3513,12.0566,0.025118,0.9554,3.695,0
a4-converted.mp4-00.03.39.593-00.04.05.961_0.jpg,train,flat,mid,flat_mid,0.3357,6.5749,0.013698,0.9677,3.146,0
a4-converted.mp4-00.03.39.593-00.04.05.961_20.jpg,train,flat,mid,flat_mid,0.3749,9.2677,0.019308,0.9673,3.531,0
a4-converted.mp4-00.03.39.593-00.04.05.961_30.jpg,train,flat,mid,flat_mid,0.2359,8.9534,0.018653,0.9651,3.524,0
a4-converted.mp4-00.04.21.286-00.04.48.939_0.jpg,train,flat,mid,flat_mid,1.3976,1.1038,0.002300,0.9710,3.223,0
a4-converted.mp4-00.04.21.286-00.04.48.939_30.jpg,train,flat,mid,flat_mid,1.7548,2.3367,0.004868,0.9564,3.433,0
a4-converted.mp4-00.05.07.296-00.05.18.798_0.jpg,train,flat,mid,flat_mid,0.4261,5.2837,0.011008,0.9741,3.471,0
a4-converted.mp4-00.05.07.296-00.05.18.798_20.jpg,train,flat,mid,flat_mid,1.1900,1.0280,0.002142,0.9812,3.607,0
a4-converted.mp4-00.05.45.507-00.06.26.877_60.jpg,train,flat,mid,flat_mid,1.7412,1.2427,0.002589,0.9738,3.513,0
b1-converted.mp4-00.06.27.152-00.06.29.157_0.jpg,train,flat,mid,flat_mid,0.1330,21.2754,0.044324,0.0000,4.024,0
b1-converted.mp4-00.08.35.755-00.09.04.151_10.jpg,train,flat,mid,flat_mid,4.0798,8.6843,0.018092,0.9948,3.747,0
b1-converted.mp4-00.08.35.755-00.09.04.151_30.jpg,train,flat,mid,flat_mid,0.8378,6.6184,0.013788,0.9336,3.947,0
b1-converted.mp4-00.08.35.755-00.09.04.151_40.jpg,train,flat,mid,flat_mid,2.9039,26.1740,0.054529,0.0000,3.870,0
b4-converted.mp4-00.04.19.025-00.04.25.780_0.jpg,train,flat,mid,flat_mid,3.0593,7.9755,0.016616,0.9957,3.867,0
b4-converted.mp4-00.04.29.322-00.04.46.474_0.jpg,train,flat,mid,flat_mid,3.8392,48.8024,0.101672,0.0000,3.907,0
b4-converted.mp4-00.04.29.322-00.04.46.474_20.jpg,train,flat,mid,flat_mid,1.0663,9.3174,0.019411,0.9460,4.048,0
b4-converted.mp4-00.06.31.585-00.06.57.052_0.jpg,train,flat,mid,flat_mid,0.9759,11.2826,0.023505,0.9228,4.024,0
b4-converted.mp4-00.06.31.585-00.06.57.052_30.jpg,train,flat,mid,flat_mid,2.4736,5.2582,0.010955,0.9926,3.802,0
b4-converted.mp4-00.07.44.544-00.08.07.367_0.jpg,train,flat,mid,flat_mid,1.5347,3.6734,0.007653,0.9962,4.021,0
b4-converted.mp4-00.08.30.960-00.08.58.324_0.jpg,train,flat,mid,flat_mid,0.3862,3.9290,0.008185,0.9955,3.838,0
b4-converted.mp4-00.08.30.960-00.08.58.324_20.jpg,train,flat,mid,flat_mid,4.6433,11.4243,0.023801,0.9890,3.887,0
b4-converted.mp4-00.08.30.960-00.08.58.324_30.jpg,train,flat,mid,flat_mid,2.1296,17.7423,0.036963,0.0000,3.526,0
c1-converted.mp4-00.07.52.353-00.09.59.939_100.jpg,train,flat,mid,flat_mid,0.5383,18.6708,0.038897,0.0000,3.612,0
c1-converted.mp4-00.07.52.353-00.09.59.939_150.jpg,train,flat,mid,flat_mid,1.5711,2.4871,0.005181,0.9691,3.605,0
c1-converted.mp4-00.07.52.353-00.09.59.939_160.jpg,train,flat,mid,flat_mid,1.6110,4.1459,0.008637,0.9633,3.592,0
c1-converted.mp4-00.07.52.353-00.09.59.939_20.jpg,train,flat,mid,flat_mid,1.7587,6.5745,0.013697,0.0006,3.556,0
c1-converted.mp4-00.07.52.353-00.09.59.939_30.jpg,train,flat,mid,flat_mid,0.2923,19.8661,0.041388,0.0000,3.813,0
c19-converted.mp4-00.01.53.703-00.02.35.685_30.jpg,train,flat,mid,flat_mid,1.0464,11.8513,0.024690,0.0000,3.904,0
c19-converted.mp4-00.01.53.703-00.02.35.685_50.jpg,train,flat,mid,flat_mid,1.1617,7.9483,0.016559,0.9506,3.236,0
c19-converted.mp4-00.02.37.436-00.03.17.091_20.jpg,train,flat,mid,flat_mid,0.5960,8.7584,0.018247,0.9438,3.551,0
c19-converted.mp4-00.02.37.436-00.03.17.091_30.jpg,train,flat,mid,flat_mid,0.5453,14.4789,0.030164,0.9539,3.706,0
c19-converted.mp4-00.03.20.301-00.05.47.074_140.jpg,train,flat,mid,flat_mid,0.8992,7.5019,0.015629,0.9577,3.627,0
c19-converted.mp4-00.03.20.301-00.05.47.074_150.jpg,train,flat,mid,flat_mid,1.1935,5.7713,0.012024,0.9490,3.599,0
c19-converted.mp4-00.03.20.301-00.05.47.074_160.jpg,train,flat,mid,flat_mid,0.6212,8.4212,0.017544,0.9456,3.623,0
c19-converted.mp4-00.03.20.301-00.05.47.074_170.jpg,train,flat,mid,flat_mid,0.0793,12.7945,0.026655,0.9568,3.597,0
c19-converted.mp4-00.03.20.301-00.05.47.074_50.jpg,train,flat,mid,flat_mid,0.6995,8.7569,0.018244,0.9534,3.422,0
c19-converted.mp4-00.03.20.301-00.05.47.074_60.jpg,train,flat,mid,flat_mid,0.8634,6.0372,0.012577,0.9539,3.538,0
c19-converted.mp4-00.03.20.301-00.05.47.074_70.jpg,train,flat,mid,flat_mid,0.4194,15.5245,0.032343,0.9391,3.621,0
c19-converted.mp4-00.03.20.301-00.05.47.074_90.jpg,train,flat,mid,flat_mid,2.0519,22.6171,0.047119,0.8835,3.546,0
c2-converted.mp4-00.04.12.298-00.06.07.792_0.jpg,train,flat,mid,flat_mid,1.2121,7.5177,0.015662,0.9173,3.929,0
c2-converted.mp4-00.04.12.298-00.06.07.792_10.jpg,train,flat,mid,flat_mid,1.1587,20.6621,0.043046,0.0000,3.664,0
c2-converted.mp4-00.04.12.298-00.06.07.792_100.jpg,train,flat,mid,flat_mid,0.3378,14.5638,0.030341,0.0000,3.587,0
c2-converted.mp4-00.04.12.298-00.06.07.792_120.jpg,train,flat,mid,flat_mid,0.4649,6.6328,0.013818,0.9572,3.527,0
c2-converted.mp4-00.04.12.298-00.06.07.792_160.jpg,train,flat,mid,flat_mid,1.9166,19.1957,0.039991,0.0000,3.769,0
c2-converted.mp4-00.06.23.052-00.06.50.427_10.jpg,train,flat,mid,flat_mid,0.7329,16.5884,0.034559,0.0000,3.752,0
c2-converted.mp4-00.06.23.052-00.06.50.427_30.jpg,train,flat,mid,flat_mid,1.3633,2.5250,0.005260,0.9509,3.623,0
c2-converted.mp4-00.06.51.725-00.07.57.470_0.jpg,train,flat,mid,flat_mid,0.4996,8.7708,0.018273,0.9657,3.620,0
c2-converted.mp4-00.06.51.725-00.07.57.470_10.jpg,train,flat,mid,flat_mid,0.8971,6.9913,0.014565,0.9581,3.559,0
c20-converted.mp4-00.05.51.134-00.10.32.300_0.jpg,train,flat,mid,flat_mid,0.6416,16.5185,0.034414,0.9419,3.613,0
c20-converted.mp4-00.05.51.134-00.10.32.300_110.jpg,train,flat,mid,flat_mid,1.1914,10.5422,0.021963,0.9367,4.059,0
c20-converted.mp4-00.05.51.134-00.10.32.300_130.jpg,train,flat,mid,flat_mid,0.5671,8.4832,0.017673,0.9513,3.688,0
c20-converted.mp4-00.05.51.134-00.10.32.300_160.jpg,train,flat,mid,flat_mid,1.4956,3.0609,0.006377,0.9557,3.252,0
c20-converted.mp4-00.05.51.134-00.10.32.300_170.jpg,train,flat,mid,flat_mid,0.3060,10.8787,0.022664,0.9543,3.371,0
c20-converted.mp4-00.05.51.134-00.10.32.300_180.jpg,train,flat,mid,flat_mid,0.3232,10.1462,0.021138,0.9488,3.548,0
c20-converted.mp4-00.05.51.134-00.10.32.300_210.jpg,train,flat,mid,flat_mid,0.7038,7.5763,0.015784,0.9488,3.452,0
c20-converted.mp4-00.05.51.134-00.10.32.300_220.jpg,train,flat,mid,flat_mid,1.4665,5.3283,0.011101,0.9581,3.509,0
c20-converted.mp4-00.05.51.134-00.10.32.300_250.jpg,train,flat,mid,flat_mid,0.2832,9.8441,0.020509,0.9413,3.830,0
c20-converted.mp4-00.05.51.134-00.10.32.300_280.jpg,train,flat,mid,flat_mid,0.6798,33.0440,0.068842,0.8845,4.065,0
c20-converted.mp4-00.05.51.134-00.10.32.300_300.jpg,train,flat,mid,flat_mid,1.1126,5.1484,0.010726,0.9603,3.245,0
c20-converted.mp4-00.05.51.134-00.10.32.300_310.jpg,train,flat,mid,flat_mid,1.1734,5.3438,0.011133,0.9554,3.848,0
c20-converted.mp4-00.05.51.134-00.10.32.300_50.jpg,train,flat,mid,flat_mid,0.6634,11.5279,0.024016,0.0000,3.258,0
c3-converted.mp4-00.08.19.510-00.09.54.902_0.jpg,train,flat,mid,flat_mid,0.8597,15.8692,0.033061,0.0000,3.745,0
c3-converted.mp4-00.08.19.510-00.09.54.902_10.jpg,train,flat,mid,flat_mid,0.5692,12.3300,0.025688,0.0000,3.559,0
c3-converted.mp4-00.08.19.510-00.09.54.902_60.jpg,train,flat,mid,flat_mid,1.9308,1.1459,0.002387,0.9188,4.090,0
c3-converted.mp4-00.10.09.262-00.10.59.874_0.jpg,train,flat,mid,flat_mid,0.8469,13.6850,0.028511,0.9565,3.277,0
d1-converted.mp4-00.05.02.749-00.09.02.120_120.jpg,train,flat,mid,flat_mid,1.0444,13.0997,0.027291,0.9673,3.505,0
d1-converted.mp4-00.05.02.749-00.09.02.120_160.jpg,train,flat,mid,flat_mid,0.1732,0.3565,0.000743,0.9937,3.378,0
d1-converted.mp4-00.05.02.749-00.09.02.120_190.jpg,train,flat,mid,flat_mid,0.6005,8.4945,0.017697,0.9775,3.452,0
d1-converted.mp4-00.05.02.749-00.09.02.120_20.jpg,train,flat,mid,flat_mid,0.6122,10.2773,0.021411,0.9721,3.370,0
d1-converted.mp4-00.05.02.749-00.09.02.120_200.jpg,train,flat,mid,flat_mid,0.7560,10.6774,0.022245,0.9681,3.477,0
d1-converted.mp4-00.05.02.749-00.09.02.120_210.jpg,train,flat,mid,flat_mid,0.8028,10.9833,0.022882,0.9710,3.368,0
d1-converted.mp4-00.05.02.749-00.09.02.120_230.jpg,train,flat,mid,flat_mid,0.2593,6.1664,0.012847,0.9675,3.188,0
d1-converted.mp4-00.05.02.749-00.09.02.120_50.jpg,train,flat,mid,flat_mid,0.6017,3.5593,0.007415,0.9740,3.783,0
d1-converted.mp4-00.05.02.749-00.09.02.120_60.jpg,train,flat,mid,flat_mid,0.0298,0.9454,0.001970,0.9936,3.325,0
d1-converted.mp4-00.05.02.749-00.09.02.120_80.jpg,train,flat,mid,flat_mid,0.9103,8.4322,0.017567,0.9832,3.352,0
d3-converted.mp4-00.10.13.789-00.10.48.756_0.jpg,train,flat,mid,flat_mid,1.4549,4.6261,0.009638,0.9892,3.434,0
d3-converted.mp4-00.10.13.789-00.10.48.756_20.jpg,train,flat,mid,flat_mid,0.0494,7.1104,0.014813,0.9710,3.390,0
d3-converted.mp4-00.10.13.789-00.10.48.756_30.jpg,train,flat,mid,flat_mid,0.0230,3.0998,0.006458,0.9869,3.607,0
d3-converted.mp4-00.11.00.558-00.11.19.164_10.jpg,train,flat,mid,flat_mid,0.7610,2.5845,0.005384,0.9923,3.425,0
d3-converted.mp4-00.12.04.422-00.13.35.453_0.jpg,train,flat,mid,flat_mid,1.5120,7.3037,0.015216,0.9902,3.347,0
d5-converted.mp4-00.04.00.521-00.07.04.857_0.jpg,train,flat,mid,flat_mid,0.9537,7.4514,0.015524,0.9451,3.684,0
d5-converted.mp4-00.04.00.521-00.07.04.857_130.jpg,train,flat,mid,flat_mid,1.7806,1.8962,0.003950,0.9606,3.635,0
d5-converted.mp4-00.04.00.521-00.07.04.857_160.jpg,train,flat,mid,flat_mid,0.2474,10.9689,0.022852,0.9482,3.615,0
d5-converted.mp4-00.04.00.521-00.07.04.857_20.jpg,train,flat,mid,flat_mid,1.4909,1.1813,0.002461,0.9677,3.602,0
d5-converted.mp4-00.04.00.521-00.07.04.857_30.jpg,train,flat,mid,flat_mid,1.8975,1.7512,0.003648,0.9559,3.371,0
d5-converted.mp4-00.04.00.521-00.07.04.857_40.jpg,train,flat,mid,flat_mid,2.0655,0.1195,0.000249,0.9654,3.387,0
d5-converted.mp4-00.04.00.521-00.07.04.857_60.jpg,train,flat,mid,flat_mid,2.2860,0.2096,0.000437,0.9263,3.993,0
d5-converted.mp4-00.04.00.521-00.07.04.857_90.jpg,train,flat,mid,flat_mid,1.5393,4.5017,0.009378,0.9479,3.452,0
d6-converted.mp4-00.02.56.484-00.05.09.707_0.jpg,train,flat,mid,flat_mid,0.3419,14.2931,0.029777,0.9448,3.970,0
d6-converted.mp4-00.02.56.484-00.05.09.707_10.jpg,train,flat,mid,flat_mid,7.2913,45.6414,0.095086,0.9423,3.695,0
d6-converted.mp4-00.02.56.484-00.05.09.707_120.jpg,train,flat,mid,flat_mid,1.0289,16.8954,0.035199,0.9405,3.613,0
d6-converted.mp4-00.02.56.484-00.05.09.707_170.jpg,train,flat,mid,flat_mid,2.4820,1.4734,0.003070,0.9372,3.431,0
d6-converted.mp4-00.02.56.484-00.05.09.707_30.jpg,train,flat,mid,flat_mid,2.7906,0.9839,0.002050,0.9291,3.769,0
d6-converted.mp4-00.02.56.484-00.05.09.707_40.jpg,train,flat,mid,flat_mid,2.7647,4.8662,0.010138,0.8737,3.747,0
d6-converted.mp4-00.02.56.484-00.05.09.707_60.jpg,train,flat,mid,flat_mid,0.7134,11.5405,0.024043,0.9625,3.461,0
d6-converted.mp4-00.02.56.484-00.05.09.707_80.jpg,train,flat,mid,flat_mid,0.7949,16.0099,0.033354,0.9515,3.504,0
d6-converted.mp4-00.05.52.629-00.06.11.143_20.jpg,train,flat,mid,flat_mid,7.1120,37.6138,0.078362,0.9572,3.674,0
da1-converted.mp4-00.05.02.554-00.05.35.766_20.jpg,train,flat,mid,flat_mid,0.6786,10.2971,0.021452,0.9727,3.374,0
da1-converted.mp4-00.05.02.554-00.05.35.766_30.jpg,train,flat,mid,flat_mid,0.3353,10.5324,0.021942,0.9637,3.414,0
da1-converted.mp4-00.05.02.554-00.05.35.766_50.jpg,train,flat,mid,flat_mid,0.7473,2.4023,0.005005,0.9756,3.788,0
da1-converted.mp4-00.05.50.031-00.06.07.230_0.jpg,train,flat,mid,flat_mid,0.3628,2.7980,0.005829,0.9880,3.416,0
da1-converted.mp4-00.06.08.479-00.08.51.651_10.jpg,train,flat,mid,flat_mid,0.9034,2.9584,0.006163,0.9752,3.375,0
da1-converted.mp4-00.06.08.479-00.08.51.651_120.jpg,train,flat,mid,flat_mid,0.6111,8.9280,0.018600,0.9783,3.613,0
da1-converted.mp4-00.06.08.479-00.08.51.651_160.jpg,train,flat,mid,flat_mid,0.9358,7.3976,0.015412,0.9870,3.404,0
da1-converted.mp4-00.06.08.479-00.08.51.651_30.jpg,train,flat,mid,flat_mid,0.6457,10.6093,0.022103,0.9679,3.440,0
da1-converted.mp4-00.06.08.479-00.08.51.651_60.jpg,train,flat,mid,flat_mid,0.7958,1.5612,0.003252,0.9970,3.403,0
e1-converted.mp4-00.05.02.178-00.08.52.285_120.jpg,train,flat,mid,flat_mid,1.0969,14.0696,0.029312,0.9648,3.377,0
e1-converted.mp4-00.05.02.178-00.08.52.285_160.jpg,train,flat,mid,flat_mid,0.3237,0.3775,0.000787,0.9937,3.279,0
e1-converted.mp4-00.05.02.178-00.08.52.285_170.jpg,train,flat,mid,flat_mid,0.0566,0.3804,0.000792,0.9926,3.683,0
e1-converted.mp4-00.05.02.178-00.08.52.285_190.jpg,train,flat,mid,flat_mid,0.5919,7.5641,0.015759,0.9802,3.480,0
e1-converted.mp4-00.05.02.178-00.08.52.285_20.jpg,train,flat,mid,flat_mid,0.6013,10.1409,0.021127,0.9724,3.423,0
e1-converted.mp4-00.05.02.178-00.08.52.285_210.jpg,train,flat,mid,flat_mid,0.8122,11.6190,0.024206,0.9691,3.393,0
e1-converted.mp4-00.05.02.178-00.08.52.285_30.jpg,train,flat,mid,flat_mid,0.4788,11.1349,0.023198,0.9637,3.498,0
e1-converted.mp4-00.05.02.178-00.08.52.285_80.jpg,train,flat,mid,flat_mid,0.8386,8.0312,0.016732,0.9842,3.421,0
e11-converted.mp4-00.01.46.321-00.04.23.535_10.jpg,train,flat,mid,flat_mid,1.7344,2.4989,0.005206,0.9629,3.421,0
e11-converted.mp4-00.01.46.321-00.04.23.535_100.jpg,train,flat,mid,flat_mid,1.4996,3.0427,0.006339,0.9569,3.450,0
e11-converted.mp4-00.01.46.321-00.04.23.535_110.jpg,train,flat,mid,flat_mid,1.8178,0.7704,0.001605,0.9176,3.760,0
e11-converted.mp4-00.01.46.321-00.04.23.535_140.jpg,train,flat,mid,flat_mid,2.6674,23.5807,0.049126,0.0000,3.468,0
e11-converted.mp4-00.01.46.321-00.04.23.535_150.jpg,train,flat,mid,flat_mid,2.3710,26.2156,0.054616,0.0000,3.884,0
e11-converted.mp4-00.01.46.321-00.04.23.535_160.jpg,train,flat,mid,flat_mid,0.0701,10.1742,0.021196,0.9347,3.825,0
e11-converted.mp4-00.01.46.321-00.04.23.535_190.jpg,train,flat,mid,flat_mid,1.3914,3.5650,0.007427,0.9485,3.489,0
e11-converted.mp4-00.01.46.321-00.04.23.535_20.jpg,train,flat,mid,flat_mid,1.8350,1.5915,0.003316,0.9136,3.839,0
e11-converted.mp4-00.01.46.321-00.04.23.535_200.jpg,train,flat,mid,flat_mid,1.9434,0.6154,0.001282,0.9495,3.464,0
e11-converted.mp4-00.01.46.321-00.04.23.535_40.jpg,train,flat,mid,flat_mid,0.6225,9.9225,0.020672,0.0000,3.567,0
e11-converted.mp4-00.01.46.321-00.04.23.535_70.jpg,train,flat,mid,flat_mid,1.3749,19.4951,0.040615,0.0000,3.870,0
e11-converted.mp4-00.04.43.599-00.05.44.983_0.jpg,train,flat,mid,flat_mid,1.5454,27.7118,0.057733,0.0000,3.481,0
e11-converted.mp4-00.04.43.599-00.05.44.983_20.jpg,train,flat,mid,flat_mid,3.1018,29.6857,0.061845,0.0000,3.837,0
e11-converted.mp4-00.04.43.599-00.05.44.983_30.jpg,train,flat,mid,flat_mid,1.1979,16.5365,0.034451,0.0000,3.412,0
e11-converted.mp4-00.05.53.243-00.06.02.201_0.jpg,train,flat,mid,flat_mid,1.7296,0.1682,0.000350,0.9404,3.342,0
e12-converted.mp4-00.01.20.478-00.02.38.637_0.jpg,train,flat,mid,flat_mid,2.1121,0.0483,0.000101,0.9569,3.485,0
e12-converted.mp4-00.01.20.478-00.02.38.637_30.jpg,train,flat,mid,flat_mid,2.5340,29.1230,0.060673,0.0000,3.491,0
e12-converted.mp4-00.01.20.478-00.02.38.637_40.jpg,train,flat,mid,flat_mid,0.1210,13.6258,0.028387,0.0000,3.410,0
e12-converted.mp4-00.01.20.478-00.02.38.637_50.jpg,train,flat,mid,flat_mid,0.7454,15.2506,0.031772,0.0000,4.072,0
e12-converted.mp4-00.01.20.478-00.02.38.637_70.jpg,train,flat,mid,flat_mid,1.4644,0.0993,0.000207,0.9617,3.452,0
e12-converted.mp4-00.01.20.478-00.02.38.637_80.jpg,train,flat,mid,flat_mid,2.1814,2.9115,0.006066,0.8815,3.693,0
e3-converted.mp4-00.10.16.899-00.10.35.648_0.jpg,train,flat,mid,flat_mid,1.3678,3.9719,0.008275,0.9892,3.572,0
e3-converted.mp4-00.10.38.989-00.10.52.594_20.jpg,train,flat,mid,flat_mid,1.2704,0.6974,0.001453,0.9854,3.614,0
e3-converted.mp4-00.12.04.506-00.12.22.501_20.jpg,train,flat,mid,flat_mid,1.6895,4.2716,0.008899,0.9858,3.428,0
e3-converted.mp4-00.12.22.416-00.13.20.606_10.jpg,train,flat,mid,flat_mid,1.4999,1.1966,0.002493,0.9720,3.527,0
e5-converted.mp4-00.03.59.817-00.06.58.241_130.jpg,train,flat,mid,flat_mid,1.9003,1.1020,0.002296,0.9610,3.572,0
e5-converted.mp4-00.03.59.817-00.06.58.241_160.jpg,train,flat,mid,flat_mid,0.3716,10.0235,0.020882,0.9499,3.642,0
e5-converted.mp4-00.03.59.817-00.06.58.241_20.jpg,train,flat,mid,flat_mid,1.6493,0.4199,0.000875,0.9676,3.434,0
e5-converted.mp4-00.03.59.817-00.06.58.241_40.jpg,train,flat,mid,flat_mid,2.1150,0.2120,0.000442,0.9649,3.373,0
e5-converted.mp4-00.03.59.817-00.06.58.241_90.jpg,train,flat,mid,flat_mid,1.7797,3.3251,0.006927,0.9477,3.834,0
e6-converted.mp4-00.02.56.059-00.05.03.817_0.jpg,train,flat,mid,flat_mid,0.3617,15.8000,0.032917,0.9394,3.924,0
e6-converted.mp4-00.02.56.059-00.05.03.817_10.jpg,train,flat,mid,flat_mid,7.4780,46.2159,0.096283,0.9422,3.671,0
e6-converted.mp4-00.02.56.059-00.05.03.817_110.jpg,train,flat,mid,flat_mid,0.8969,14.5123,0.030234,0.0000,3.988,0
e6-converted.mp4-00.02.56.059-00.05.03.817_120.jpg,train,flat,mid,flat_mid,0.9165,16.4097,0.034187,0.9407,3.612,0
e6-converted.mp4-00.02.56.059-00.05.03.817_170.jpg,train,flat,mid,flat_mid,2.5906,1.8221,0.003796,0.9361,3.481,0
e6-converted.mp4-00.02.56.059-00.05.03.817_30.jpg,train,flat,mid,flat_mid,2.6931,0.3519,0.000733,0.9273,3.883,0
e6-converted.mp4-00.02.56.059-00.05.03.817_50.jpg,train,flat,mid,flat_mid,2.6532,3.8662,0.008055,0.8770,3.815,0
e6-converted.mp4-00.02.56.059-00.05.03.817_60.jpg,train,flat,mid,flat_mid,0.8270,11.3156,0.023574,0.9642,3.484,0
e6-converted.mp4-00.02.56.059-00.05.03.817_80.jpg,train,flat,mid,flat_mid,0.6769,15.5608,0.032418,0.9504,3.647,0
e6-converted.mp4-00.05.23.942-00.05.33.774_0.jpg,train,flat,mid,flat_mid,0.6496,13.6083,0.028351,0.0000,4.122,0
e6-converted.mp4-00.05.47.028-00.06.12.248_0.jpg,train,flat,mid,flat_mid,0.5319,16.2160,0.033783,0.9386,3.655,0
e6-converted.mp4-00.05.47.028-00.06.12.248_10.jpg,train,flat,mid,flat_mid,0.6328,15.1601,0.031584,0.9492,3.601,0
e9-converted.mp4-00.01.53.675-00.03.39.513_120.jpg,train,flat,mid,flat_mid,0.3111,10.5943,0.022071,0.8980,3.917,0
e9-converted.mp4-00.01.53.675-00.03.39.513_130.jpg,train,flat,mid,flat_mid,0.8008,13.6598,0.028458,0.8562,3.801,0
e9-converted.mp4-00.01.53.675-00.03.39.513_40.jpg,train,flat,mid,flat_mid,0.6996,5.1334,0.010695,0.9661,3.467,0
e9-converted.mp4-00.01.53.675-00.03.39.513_50.jpg,train,flat,mid,flat_mid,0.4739,6.6905,0.013939,0.9572,3.477,0
e9-converted.mp4-00.01.53.675-00.03.39.513_60.jpg,train,flat,mid,flat_mid,0.6441,11.9924,0.024984,0.9490,3.533,0
e9-converted.mp4-00.01.53.675-00.03.39.513_80.jpg,train,flat,mid,flat_mid,0.6208,16.3892,0.034144,0.0000,3.141,0
e9-converted.mp4-00.03.41.068-00.05.06.504_100.jpg,train,flat,mid,flat_mid,0.4152,13.0288,0.027143,0.9097,3.733,0
e9-converted.mp4-00.03.41.068-00.05.06.504_30.jpg,train,flat,mid,flat_mid,0.9302,3.6256,0.007553,0.9591,3.401,0
e9-converted.mp4-00.03.41.068-00.05.06.504_50.jpg,train,flat,mid,flat_mid,0.0168,8.1654,0.017011,0.9538,3.758,0
e9-converted.mp4-00.03.41.068-00.05.06.504_60.jpg,train,flat,mid,flat_mid,0.2402,6.4741,0.013488,0.9467,3.784,0
e9-converted.mp4-00.03.41.068-00.05.06.504_70.jpg,train,flat,mid,flat_mid,0.2021,13.5114,0.028149,0.9390,3.391,0
e9-converted.mp4-00.03.41.068-00.05.06.504_90.jpg,train,flat,mid,flat_mid,2.0405,25.1544,0.052405,0.0000,3.684,0
a2-converted.mp4-00.04.57.869-00.05.42.169_40.jpg,train,moderate,high,moderate_high,1.2071,6.6284,0.013809,0.9577,3.555,0
a3-converted.mp4-00.04.44.975-00.04.57.775_10.jpg,train,moderate,high,moderate_high,1.2195,2.9507,0.006147,0.9721,3.476,0
a3-converted.mp4-00.05.14.880-00.05.57.073_30.jpg,train,moderate,high,moderate_high,1.5545,5.5174,0.011495,0.9736,3.354,0
a3-converted.mp4-00.08.04.849-00.09.06.443_30.jpg,train,moderate,high,moderate_high,0.2046,6.3975,0.013328,0.9762,3.579,0
a4-converted.mp4-00.04.21.286-00.04.48.939_20.jpg,train,moderate,high,moderate_high,1.3166,4.2307,0.008814,0.9684,3.493,0
a4-converted.mp4-00.05.45.507-00.06.26.877_30.jpg,train,moderate,high,moderate_high,1.5264,1.4677,0.003058,0.9803,3.500,0
b1-converted.mp4-00.08.35.755-00.09.04.151_0.jpg,train,moderate,high,moderate_high,3.3130,0.3415,0.000711,0.9925,3.743,0
b4-converted.mp4-00.06.31.585-00.06.57.052_20.jpg,train,moderate,high,moderate_high,1.2288,3.4121,0.007109,0.9909,3.800,0
b4-converted.mp4-00.08.07.362-00.08.16.694_10.jpg,train,moderate,high,moderate_high,3.7389,34.4639,0.071800,0.0000,3.757,0
c1-converted.mp4-00.07.52.353-00.09.59.939_170.jpg,train,moderate,high,moderate_high,0.3903,8.3483,0.017392,0.0000,3.504,0
c19-converted.mp4-00.03.20.301-00.05.47.074_100.jpg,train,moderate,high,moderate_high,1.6003,14.7240,0.030675,0.0000,3.908,0
c19-converted.mp4-00.03.20.301-00.05.47.074_80.jpg,train,moderate,high,moderate_high,0.2922,11.6471,0.024265,0.9590,3.171,0
c2-converted.mp4-00.04.12.298-00.06.07.792_140.jpg,train,moderate,high,moderate_high,0.7852,8.0943,0.016863,0.9573,3.524,0
c2-converted.mp4-00.04.12.298-00.06.07.792_30.jpg,train,moderate,high,moderate_high,0.8503,6.5032,0.013548,0.9620,3.520,0
c2-converted.mp4-00.06.23.052-00.06.50.427_0.jpg,train,moderate,high,moderate_high,0.4050,16.9256,0.035262,0.0000,3.527,0
c2-converted.mp4-00.06.23.052-00.06.50.427_40.jpg,train,moderate,high,moderate_high,0.0337,8.4681,0.017642,0.9672,3.688,0
c20-converted.mp4-00.05.51.134-00.10.32.300_120.jpg,train,moderate,high,moderate_high,0.2495,8.4334,0.017570,0.9649,3.755,0
c20-converted.mp4-00.05.51.134-00.10.32.300_90.jpg,train,moderate,high,moderate_high,2.3488,22.0605,0.045959,0.0000,4.046,0
d1-converted.mp4-00.05.02.749-00.09.02.120_250.jpg,train,moderate,high,moderate_high,0.1728,0.2737,0.000570,0.9961,3.445,0
d3-converted.mp4-00.10.13.789-00.10.48.756_40.jpg,train,moderate,high,moderate_high,1.1327,23.9549,0.049906,0.0000,3.932,0
d3-converted.mp4-00.11.00.558-00.11.19.164_0.jpg,train,moderate,high,moderate_high,0.6960,0.5471,0.001140,0.9948,3.559,0
d3-converted.mp4-00.12.04.422-00.13.35.453_30.jpg,train,moderate,high,moderate_high,1.8701,4.5712,0.009523,0.9833,3.558,0
d5-converted.mp4-00.04.00.521-00.07.04.857_120.jpg,train,moderate,high,moderate_high,2.1267,0.1010,0.000210,0.9230,3.746,0
d5-converted.mp4-00.04.00.521-00.07.04.857_70.jpg,train,moderate,high,moderate_high,0.0860,13.8056,0.028762,0.9335,3.874,0
d5-converted.mp4-00.04.00.521-00.07.04.857_80.jpg,train,moderate,high,moderate_high,0.3738,11.1540,0.023238,0.7651,3.744,0
d6-converted.mp4-00.02.56.484-00.05.09.707_140.jpg,train,moderate,high,moderate_high,28.3371,162.8354,0.339240,,4.082,0
d6-converted.mp4-00.02.56.484-00.05.09.707_150.jpg,train,moderate,high,moderate_high,2.7913,2.0453,0.004261,0.8400,3.748,0
d6-converted.mp4-00.02.56.484-00.05.09.707_180.jpg,train,moderate,high,moderate_high,0.6926,14.3234,0.029840,0.0000,3.971,0
d6-converted.mp4-00.02.56.484-00.05.09.707_90.jpg,train,moderate,high,moderate_high,0.3638,16.1966,0.033743,0.0000,3.487,0
d6-converted.mp4-00.05.52.629-00.06.11.143_10.jpg,train,moderate,high,moderate_high,1.6475,5.0065,0.010430,0.9140,3.771,0
da1-converted.mp4-00.06.08.479-00.08.51.651_140.jpg,train,moderate,high,moderate_high,0.5808,3.7484,0.007809,0.9813,3.453,0
e1-converted.mp4-00.05.02.178-00.08.52.285_70.jpg,train,moderate,high,moderate_high,0.2086,0.7234,0.001507,0.9971,3.389,0
e11-converted.mp4-00.01.46.321-00.04.23.535_210.jpg,train,moderate,high,moderate_high,1.7253,7.7414,0.016128,0.9380,3.418,0
e11-converted.mp4-00.04.43.599-00.05.44.983_10.jpg,train,moderate,high,moderate_high,0.0931,9.2316,0.019232,0.8004,3.994,0
e11-converted.mp4-00.04.43.599-00.05.44.983_40.jpg,train,moderate,high,moderate_high,1.9558,7.0374,0.014661,0.9626,3.708,0
e11-converted.mp4-00.04.43.599-00.05.44.983_50.jpg,train,moderate,high,moderate_high,1.7073,1.9276,0.004016,0.9242,3.796,0
e12-converted.mp4-00.01.20.478-00.02.38.637_90.jpg,train,moderate,high,moderate_high,2.0539,6.2740,0.013071,0.9564,3.401,0
e3-converted.mp4-00.10.38.989-00.10.52.594_10.jpg,train,moderate,high,moderate_high,0.3061,0.3550,0.000740,0.9947,3.477,0
e5-converted.mp4-00.03.59.817-00.06.58.241_170.jpg,train,moderate,high,moderate_high,2.6676,12.0982,0.025205,0.0241,3.806,0
e5-converted.mp4-00.03.59.817-00.06.58.241_70.jpg,train,moderate,high,moderate_high,0.1131,13.6047,0.028343,0.9344,4.046,0
e5-converted.mp4-00.03.59.817-00.06.58.241_80.jpg,train,moderate,high,moderate_high,0.2312,10.4928,0.021860,0.7658,3.862,0
e6-converted.mp4-00.02.56.059-00.05.03.817_140.jpg,train,moderate,high,moderate_high,28.2930,163.0182,0.339621,,4.522,0
e6-converted.mp4-00.02.56.059-00.05.03.817_150.jpg,train,moderate,high,moderate_high,2.7679,2.1881,0.004559,0.8399,3.904,0
e6-converted.mp4-00.02.56.059-00.05.03.817_90.jpg,train,moderate,high,moderate_high,0.0984,14.9835,0.031216,0.0000,3.657,0
e6-converted.mp4-00.05.47.028-00.06.12.248_20.jpg,train,moderate,high,moderate_high,2.1575,2.7185,0.005663,0.9677,3.660,0
e9-converted.mp4-00.01.53.675-00.03.39.513_0.jpg,train,moderate,high,moderate_high,1.3219,4.4002,0.009167,0.9275,3.965,0
a2-converted.mp4-00.04.37.277-00.04.54.650_0.jpg,train,moderate,low,moderate_low,0.6518,8.0694,0.016811,0.9240,3.965,0
a2-converted.mp4-00.06.13.959-00.06.43.015_10.jpg,train,moderate,low,moderate_low,0.0751,7.2050,0.015010,0.8989,3.600,0
a2-converted.mp4-00.07.54.791-00.08.31.469_10.jpg,train,moderate,low,moderate_low,0.1686,6.0989,0.012706,0.9645,3.348,0
a2-converted.mp4-00.08.34.720-00.08.49.080_20.jpg,train,moderate,low,moderate_low,0.8438,2.8708,0.005981,0.9685,3.685,0
a3-converted.mp4-00.06.23.404-00.07.02.976_30.jpg,train,moderate,low,moderate_low,0.6278,1.9175,0.003995,0.9763,3.487,0
a3-converted.mp4-00.06.23.404-00.07.02.976_40.jpg,train,moderate,low,moderate_low,0.5933,11.6247,0.024218,0.9648,3.654,0
a3-converted.mp4-00.07.29.948-00.07.39.727_10.jpg,train,moderate,low,moderate_low,0.3222,11.5226,0.024005,0.9571,3.537,0
a4-converted.mp4-00.02.43.911-00.03.05.670_30.jpg,train,moderate,low,moderate_low,1.6639,1.8804,0.003918,0.9505,3.626,0
a4-converted.mp4-00.03.39.593-00.04.05.961_10.jpg,train,moderate,low,moderate_low,0.4275,12.5719,0.026191,0.9420,3.664,0
a4-converted.mp4-00.04.21.286-00.04.48.939_10.jpg,train,moderate,low,moderate_low,1.6232,12.4123,0.025859,0.9546,3.896,0
a4-converted.mp4-00.05.07.296-00.05.18.798_10.jpg,train,moderate,low,moderate_low,0.5391,12.8125,0.026693,0.9481,3.653,0
a4-converted.mp4-00.05.45.507-00.06.26.877_20.jpg,train,moderate,low,moderate_low,1.5181,0.0745,0.000155,0.9529,3.764,0
b4-converted.mp4-00.04.19.025-00.04.25.780_10.jpg,train,moderate,low,moderate_low,5.0662,14.8521,0.030942,0.0000,3.819,0
b4-converted.mp4-00.06.02.942-00.06.13.689_10.jpg,train,moderate,low,moderate_low,0.4698,18.8961,0.039367,0.9329,3.544,0
b4-converted.mp4-00.06.02.942-00.06.13.689_20.jpg,train,moderate,low,moderate_low,3.0387,36.6645,0.076384,0.0000,3.753,0
c1-converted.mp4-00.07.52.353-00.09.59.939_0.jpg,train,moderate,low,moderate_low,0.8430,3.0842,0.006425,0.9419,3.936,0
c1-converted.mp4-00.07.52.353-00.09.59.939_10.jpg,train,moderate,low,moderate_low,1.1344,21.9786,0.045789,0.0000,3.536,0
c1-converted.mp4-00.07.52.353-00.09.59.939_120.jpg,train,moderate,low,moderate_low,1.3981,1.3252,0.002761,0.9348,3.616,0
c1-converted.mp4-00.07.52.353-00.09.59.939_50.jpg,train,moderate,low,moderate_low,0.8292,4.7883,0.009976,0.9459,3.508,0
c1-converted.mp4-00.07.52.353-00.09.59.939_80.jpg,train,moderate,low,moderate_low,0.6133,4.1869,0.008723,0.9631,3.212,0
c1-converted.mp4-00.07.52.353-00.09.59.939_90.jpg,train,moderate,low,moderate_low,1.4571,24.6616,0.051378,0.0000,3.500,0
c19-converted.mp4-00.02.37.436-00.03.17.091_50.jpg,train,moderate,low,moderate_low,0.1422,13.8482,0.028850,0.9448,3.574,0
c19-converted.mp4-00.03.20.301-00.05.47.074_120.jpg,train,moderate,low,moderate_low,0.0555,11.7264,0.024430,0.9190,3.967,0
c19-converted.mp4-00.03.20.301-00.05.47.074_30.jpg,train,moderate,low,moderate_low,1.0141,9.0120,0.018775,0.0000,3.724,0
c19-converted.mp4-00.03.20.301-00.05.47.074_40.jpg,train,moderate,low,moderate_low,0.2787,13.9064,0.028972,0.9174,3.595,0
c2-converted.mp4-00.03.13.281-00.03.25.305_0.jpg,train,moderate,low,moderate_low,0.3247,12.8120,0.026692,0.9327,3.952,0
c2-converted.mp4-00.04.12.298-00.06.07.792_60.jpg,train,moderate,low,moderate_low,3.5113,32.7419,0.068212,0.0000,3.688,0
c2-converted.mp4-00.06.23.052-00.06.50.427_20.jpg,train,moderate,low,moderate_low,0.8429,18.2190,0.037956,0.9365,3.844,0
c2-converted.mp4-00.06.51.725-00.07.57.470_20.jpg,train,moderate,low,moderate_low,1.0164,3.0363,0.006326,0.9353,3.537,0
c2-converted.mp4-00.06.51.725-00.07.57.470_30.jpg,train,moderate,low,moderate_low,0.5792,11.1044,0.023134,0.9001,4.095,0
c20-converted.mp4-00.05.51.134-00.10.32.300_10.jpg,train,moderate,low,moderate_low,1.3449,3.3319,0.006942,0.9364,3.580,0
c20-converted.mp4-00.05.51.134-00.10.32.300_100.jpg,train,moderate,low,moderate_low,1.8857,32.7172,0.068161,0.8950,3.516,0
c20-converted.mp4-00.05.51.134-00.10.32.300_20.jpg,train,moderate,low,moderate_low,0.3431,8.5948,0.017906,0.8767,3.706,0
c20-converted.mp4-00.05.51.134-00.10.32.300_240.jpg,train,moderate,low,moderate_low,0.8692,16.8988,0.035206,0.9219,3.458,0
c20-converted.mp4-00.05.51.134-00.10.32.300_290.jpg,train,moderate,low,moderate_low,0.2862,7.5828,0.015797,0.9584,3.375,0
c3-converted.mp4-00.07.07.496-00.07.19.161_10.jpg,train,moderate,low,moderate_low,1.7028,1.4184,0.002955,0.9343,3.473,0
c3-converted.mp4-00.08.19.510-00.09.54.902_30.jpg,train,moderate,low,moderate_low,1.3683,4.4727,0.009318,0.9391,3.618,0
c3-converted.mp4-00.08.19.510-00.09.54.902_70.jpg,train,moderate,low,moderate_low,1.6123,0.6129,0.001277,0.9511,3.814,0
d1-converted.mp4-00.05.02.749-00.09.02.120_0.jpg,train,moderate,low,moderate_low,0.0465,1.5731,0.003277,0.9953,3.402,0
d1-converted.mp4-00.05.02.749-00.09.02.120_100.jpg,train,moderate,low,moderate_low,0.4484,7.1019,0.014796,0.9835,3.507,0
d1-converted.mp4-00.05.02.749-00.09.02.120_220.jpg,train,moderate,low,moderate_low,0.7510,7.4987,0.015622,0.9680,3.862,0
d1-converted.mp4-00.05.02.749-00.09.02.120_40.jpg,train,moderate,low,moderate_low,1.6829,0.0822,0.000171,0.9478,3.690,0
d1-converted.mp4-00.05.02.749-00.09.02.120_90.jpg,train,moderate,low,moderate_low,0.1880,8.3506,0.017397,0.9284,3.565,0
d3-converted.mp4-00.10.13.789-00.10.48.756_10.jpg,train,moderate,low,moderate_low,1.1856,0.9055,0.001886,0.9751,3.612,0
d3-converted.mp4-00.10.13.789-00.10.48.756_50.jpg,train,moderate,low,moderate_low,0.2079,0.5135,0.001070,0.9920,3.451,0
d3-converted.mp4-00.11.00.558-00.11.19.164_20.jpg,train,moderate,low,moderate_low,1.8559,2.3729,0.004944,0.9423,3.914,0
d5-converted.mp4-00.04.00.521-00.07.04.857_140.jpg,train,moderate,low,moderate_low,0.2326,9.7518,0.020316,0.9180,3.795,0
d5-converted.mp4-00.04.00.521-00.07.04.857_50.jpg,train,moderate,low,moderate_low,0.4388,12.2519,0.025525,0.9172,3.851,0
d6-converted.mp4-00.02.56.484-00.05.09.707_130.jpg,train,moderate,low,moderate_low,1.9573,17.9292,0.037353,0.8202,3.672,0
d6-converted.mp4-00.02.56.484-00.05.09.707_20.jpg,train,moderate,low,moderate_low,1.9054,3.5838,0.007466,0.9604,3.414,0
d6-converted.mp4-00.02.56.484-00.05.09.707_70.jpg,train,moderate,low,moderate_low,1.2450,19.9222,0.041505,0.0000,3.613,0
da1-converted.mp4-00.05.02.554-00.05.35.766_0.jpg,train,moderate,low,moderate_low,0.0220,1.8160,0.003783,0.9927,3.392,0
da1-converted.mp4-00.05.02.554-00.05.35.766_40.jpg,train,moderate,low,moderate_low,1.4301,0.0681,0.000142,0.9509,3.602,0
da1-converted.mp4-00.05.50.031-00.06.07.230_20.jpg,train,moderate,low,moderate_low,0.1384,3.7127,0.007735,0.9838,3.868,0
da1-converted.mp4-00.06.08.479-00.08.51.651_110.jpg,train,moderate,low,moderate_low,0.2958,6.9595,0.014499,0.9563,3.372,0
da1-converted.mp4-00.06.08.479-00.08.51.651_130.jpg,train,moderate,low,moderate_low,0.6536,0.0893,0.000186,0.9794,3.388,0
da1-converted.mp4-00.06.08.479-00.08.51.651_170.jpg,train,moderate,low,moderate_low,0.0022,3.9757,0.008283,0.9762,3.536,0
da1-converted.mp4-00.06.08.479-00.08.51.651_90.jpg,train,moderate,low,moderate_low,0.5177,7.8137,0.016279,0.9815,3.519,0
e1-converted.mp4-00.05.02.178-00.08.52.285_0.jpg,train,moderate,low,moderate_low,0.0279,1.1668,0.002431,0.9945,3.366,0
e1-converted.mp4-00.05.02.178-00.08.52.285_100.jpg,train,moderate,low,moderate_low,0.1232,4.6101,0.009604,0.9858,3.386,0
e1-converted.mp4-00.05.02.178-00.08.52.285_130.jpg,train,moderate,low,moderate_low,2.8321,25.8158,0.053783,0.9476,3.740,0
e1-converted.mp4-00.05.02.178-00.08.52.285_140.jpg,train,moderate,low,moderate_low,0.3753,0.4762,0.000992,0.9839,3.996,0
e1-converted.mp4-00.05.02.178-00.08.52.285_220.jpg,train,moderate,low,moderate_low,0.8518,7.4070,0.015431,0.9712,3.801,0
e1-converted.mp4-00.05.02.178-00.08.52.285_40.jpg,train,moderate,low,moderate_low,1.0839,2.4183,0.005038,0.9511,3.721,0
e1-converted.mp4-00.05.02.178-00.08.52.285_90.jpg,train,moderate,low,moderate_low,0.3227,6.6294,0.013811,0.9361,3.376,0
e11-converted.mp4-00.01.46.321-00.04.23.535_130.jpg,train,moderate,low,moderate_low,1.0419,17.9317,0.037358,0.0000,3.236,0
e11-converted.mp4-00.01.46.321-00.04.23.535_30.jpg,train,moderate,low,moderate_low,1.5266,1.1537,0.002404,0.9458,3.435,0
e11-converted.mp4-00.01.46.321-00.04.23.535_90.jpg,train,moderate,low,moderate_low,1.6309,0.9401,0.001958,0.9571,3.464,0
e12-converted.mp4-00.01.20.478-00.02.38.637_20.jpg,train,moderate,low,moderate_low,0.7504,8.8486,0.018435,0.0000,3.876,0
e12-converted.mp4-00.01.20.478-00.02.38.637_60.jpg,train,moderate,low,moderate_low,3.8827,45.3514,0.094482,0.8121,3.778,0
e3-converted.mp4-00.10.38.989-00.10.52.594_0.jpg,train,moderate,low,moderate_low,0.1894,7.7267,0.016097,0.9594,3.565,0
e5-converted.mp4-00.03.59.817-00.06.58.241_140.jpg,train,moderate,low,moderate_low,0.2004,9.1083,0.018976,0.9206,3.860,0
e5-converted.mp4-00.03.59.817-00.06.58.241_50.jpg,train,moderate,low,moderate_low,0.4572,12.6166,0.026284,0.9177,3.735,0
e6-converted.mp4-00.02.56.059-00.05.03.817_20.jpg,train,moderate,low,moderate_low,1.9176,3.8815,0.008086,0.9602,3.404,0
e9-converted.mp4-00.01.53.675-00.03.39.513_110.jpg,train,moderate,low,moderate_low,0.5276,7.9639,0.016591,0.9044,3.850,0
e9-converted.mp4-00.01.53.675-00.03.39.513_20.jpg,train,moderate,low,moderate_low,0.0575,9.4514,0.019691,0.9635,3.475,0
e9-converted.mp4-00.03.41.068-00.05.06.504_20.jpg,train,moderate,low,moderate_low,0.3233,6.6332,0.013819,0.9611,3.473,0
a2-converted.mp4-00.04.57.869-00.05.42.169_60.jpg,train,moderate,mid,moderate_mid,2.1614,7.0127,0.014610,0.9137,3.503,0
a2-converted.mp4-00.06.13.959-00.06.43.015_30.jpg,train,moderate,mid,moderate_mid,0.1452,9.3303,0.019438,0.9678,3.719,0
a3-converted.mp4-00.04.44.975-00.04.57.775_0.jpg,train,moderate,mid,moderate_mid,2.0849,17.8633,0.037215,0.9655,3.475,0
a3-converted.mp4-00.05.14.880-00.05.57.073_50.jpg,train,moderate,mid,moderate_mid,0.9447,2.2761,0.004742,0.9713,3.454,0
a3-converted.mp4-00.08.04.849-00.09.06.443_0.jpg,train,moderate,mid,moderate_mid,1.2612,0.3260,0.000679,0.9749,3.506,0
a4-converted.mp4-00.05.45.507-00.06.26.877_10.jpg,train,moderate,mid,moderate_mid,1.2707,0.4745,0.000989,0.9746,3.507,0
c1-converted.mp4-00.07.52.353-00.09.59.939_130.jpg,train,moderate,mid,moderate_mid,0.7294,7.4189,0.015456,0.9544,3.869,0
c2-converted.mp4-00.04.12.298-00.06.07.792_20.jpg,train,moderate,mid,moderate_mid,0.7187,11.3354,0.023615,0.9515,3.496,0
c20-converted.mp4-00.05.51.134-00.10.32.300_200.jpg,train,moderate,mid,moderate_mid,0.4719,16.3375,0.034036,0.0000,4.036,0
d1-converted.mp4-00.05.02.749-00.09.02.120_110.jpg,train,moderate,mid,moderate_mid,0.7521,8.1186,0.016914,0.9746,3.443,0
d1-converted.mp4-00.05.02.749-00.09.02.120_240.jpg,train,moderate,mid,moderate_mid,0.3593,0.1202,0.000250,0.9905,3.412,0
d3-converted.mp4-00.11.00.558-00.11.19.164_30.jpg,train,moderate,mid,moderate_mid,0.9439,3.9869,0.008306,0.9785,3.345,0
d3-converted.mp4-00.12.04.422-00.13.35.453_10.jpg,train,moderate,mid,moderate_mid,3.5380,15.8452,0.033011,0.9930,3.776,0
d5-converted.mp4-00.04.00.521-00.07.04.857_110.jpg,train,moderate,mid,moderate_mid,1.1889,5.5685,0.011601,0.9530,3.296,0
d5-converted.mp4-00.04.00.521-00.07.04.857_180.jpg,train,moderate,mid,moderate_mid,2.5101,3.9334,0.008195,0.9537,3.419,0
da1-converted.mp4-00.05.50.031-00.06.07.230_10.jpg,train,moderate,mid,moderate_mid,0.7087,8.3733,0.017444,0.9681,3.490,0
e1-converted.mp4-00.05.02.178-00.08.52.285_180.jpg,train,moderate,mid,moderate_mid,0.2717,2.4717,0.005149,0.9834,3.365,0
e1-converted.mp4-00.05.02.178-00.08.52.285_240.jpg,train,moderate,mid,moderate_mid,0.2668,0.1478,0.000308,0.9928,3.321,0
e11-converted.mp4-00.01.46.321-00.04.23.535_170.jpg,train,moderate,mid,moderate_mid,3.4000,31.7340,0.066112,0.0000,3.764,0
e12-converted.mp4-00.01.20.478-00.02.38.637_10.jpg,train,moderate,mid,moderate_mid,1.9974,2.2771,0.004744,0.9557,3.392,0
e3-converted.mp4-00.12.04.506-00.12.22.501_10.jpg,train,moderate,mid,moderate_mid,3.5889,16.2428,0.033839,0.9937,3.718,0
e5-converted.mp4-00.03.59.817-00.06.58.241_110.jpg,train,moderate,mid,moderate_mid,1.4634,3.0846,0.006426,0.9570,3.536,0
e5-converted.mp4-00.03.59.817-00.06.58.241_180.jpg,train,moderate,mid,moderate_mid,2.4543,4.1428,0.008631,0.9585,3.466,0
e9-converted.mp4-00.01.53.675-00.03.39.513_100.jpg,train,moderate,mid,moderate_mid,0.5196,5.0400,0.010500,0.9515,3.418,0
e9-converted.mp4-00.03.41.068-00.05.06.504_10.jpg,train,moderate,mid,moderate_mid,0.3575,12.3365,0.025701,0.9480,3.266,0
e9-converted.mp4-00.03.41.068-00.05.06.504_40.jpg,train,moderate,mid,moderate_mid,0.3345,3.9504,0.008230,0.9446,3.854,0
a4-converted.mp4-00.02.43.911-00.03.05.670_0.jpg,train,steep,high,steep_high,0.0596,13.3363,0.027784,0.0000,3.465,0
a4-converted.mp4-00.02.43.911-00.03.05.670_20.jpg,train,steep,low,steep_low,0.1025,7.1739,0.014946,0.9808,3.885,0
c19-converted.mp4-00.03.20.301-00.05.47.074_0.jpg,train,steep,low,steep_low,3.8532,7.1300,0.014854,0.7996,3.858,0
d1-converted.mp4-00.05.02.749-00.09.02.120_10.jpg,train,steep,low,steep_low,0.0719,5.6001,0.011667,0.9778,3.397,0
d5-converted.mp4-00.04.00.521-00.07.04.857_10.jpg,train,steep,low,steep_low,5.6412,51.0699,0.106396,0.9199,3.339,0
d5-converted.mp4-00.04.00.521-00.07.04.857_100.jpg,train,steep,low,steep_low,0.6544,9.9222,0.020671,0.8919,3.428,0
da1-converted.mp4-00.05.02.554-00.05.35.766_10.jpg,train,steep,low,steep_low,0.1094,7.7537,0.016153,0.9735,3.402,0
da1-converted.mp4-00.06.08.479-00.08.51.651_0.jpg,train,steep,low,steep_low,0.4198,5.0723,0.010567,0.9645,3.439,0
da1-converted.mp4-00.06.08.479-00.08.51.651_40.jpg,train,steep,low,steep_low,0.3579,4.3495,0.009061,0.9404,3.691,0
da1-converted.mp4-00.06.08.479-00.08.51.651_80.jpg,train,steep,low,steep_low,0.4613,12.2741,0.025571,0.9473,3.818,0
e11-converted.mp4-00.01.46.321-00.04.23.535_0.jpg,train,steep,low,steep_low,1.7728,2.3848,0.004968,0.9727,3.670,0
e11-converted.mp4-00.01.46.321-00.04.23.535_180.jpg,train,steep,low,steep_low,1.8060,2.8887,0.006018,0.9534,3.688,0
e5-converted.mp4-00.03.59.817-00.06.58.241_10.jpg,train,steep,low,steep_low,5.7003,51.6898,0.107687,0.9179,3.865,0
e5-converted.mp4-00.03.59.817-00.06.58.241_100.jpg,train,steep,low,steep_low,0.6998,10.1656,0.021178,0.8883,3.370,0
b4-converted.mp4-00.05.26.825-00.05.40.658_10.jpg,test,flat,high,flat_high,0.7233,20.4242,0.042550,0.0000,3.972,0
b4-converted.mp4-00.07.44.544-00.08.07.367_30.jpg,test,flat,high,flat_high,0.1502,24.9744,0.052030,0.0000,3.761,0
c1-converted.mp4-00.07.52.353-00.09.59.939_60.jpg,test,flat,high,flat_high,1.7799,3.5307,0.007356,0.9681,3.579,0
c20-converted.mp4-00.05.51.134-00.10.32.300_140.jpg,test,flat,high,flat_high,0.1756,12.7759,0.026616,0.0000,4.033,0
c20-converted.mp4-00.05.51.134-00.10.32.300_30.jpg,test,flat,high,flat_high,0.3888,8.8558,0.018450,0.9316,3.956,0
e11-converted.mp4-00.01.46.321-00.04.23.535_50.jpg,test,flat,high,flat_high,0.5475,15.2735,0.031820,0.0046,3.792,0
e9-converted.mp4-00.03.41.068-00.05.06.504_80.jpg,test,flat,high,flat_high,11.5207,203.5667,0.424097,,4.058,0
a3-converted.mp4-00.08.04.849-00.09.06.443_80.jpg,test,flat,low,flat_low,4.0288,5.7149,0.011906,0.8571,3.794,0
c2-converted.mp4-00.04.12.298-00.06.07.792_50.jpg,test,flat,low,flat_low,1.3189,4.4805,0.009334,0.9420,3.499,0
e6-converted.mp4-00.05.47.028-00.06.12.248_30.jpg,test,flat,low,flat_low,0.9144,5.3893,0.011228,0.9592,3.303,0
a2-converted.mp4-00.04.57.869-00.05.42.169_20.jpg,test,flat,mid,flat_mid,1.9535,20.2884,0.042268,0.9502,3.448,0
a2-converted.mp4-00.07.54.791-00.08.31.469_50.jpg,test,flat,mid,flat_mid,0.0121,3.4446,0.007176,0.8865,3.900,0
a3-converted.mp4-00.05.14.880-00.05.57.073_10.jpg,test,flat,mid,flat_mid,0.0176,9.7716,0.020358,0.9448,3.499,0
a3-converted.mp4-00.05.14.880-00.05.57.073_20.jpg,test,flat,mid,flat_mid,0.1602,7.8791,0.016415,0.9662,3.437,0
a3-converted.mp4-00.06.23.404-00.07.02.976_50.jpg,test,flat,mid,flat_mid,0.9493,3.9299,0.008187,0.9705,3.612,0
a3-converted.mp4-00.08.04.849-00.09.06.443_50.jpg,test,flat,mid,flat_mid,0.6719,5.3239,0.011091,0.9669,3.558,0
a3-converted.mp4-00.08.04.849-00.09.06.443_70.jpg,test,flat,mid,flat_mid,0.5230,12.2740,0.025571,0.9624,3.505,0
a4-converted.mp4-00.05.45.507-00.06.26.877_40.jpg,test,flat,mid,flat_mid,1.8175,0.1262,0.000263,0.9728,3.366,0
a4-converted.mp4-00.05.45.507-00.06.26.877_50.jpg,test,flat,mid,flat_mid,1.6666,1.7422,0.003630,0.9647,3.420,0
a4-converted.mp4-00.06.40.668-00.07.49.353_0.jpg,test,flat,mid,flat_mid,0.1011,8.9014,0.018545,0.9640,3.270,0
b4-converted.mp4-00.06.02.942-00.06.13.689_0.jpg,test,flat,mid,flat_mid,1.2128,0.1171,0.000244,0.9938,3.802,0
b4-converted.mp4-00.07.44.544-00.08.07.367_20.jpg,test,flat,mid,flat_mid,3.8422,35.4471,0.073848,0.0000,3.780,0
b4-converted.mp4-00.08.07.362-00.08.16.694_0.jpg,test,flat,mid,flat_mid,0.5364,7.5852,0.015803,0.9427,3.813,0
c1-converted.mp4-00.07.52.353-00.09.59.939_140.jpg,test,flat,mid,flat_mid,1.1465,4.7653,0.009928,0.9650,3.203,0
c1-converted.mp4-00.07.52.353-00.09.59.939_70.jpg,test,flat,mid,flat_mid,1.1125,5.1440,0.010717,0.9677,3.719,0
c19-converted.mp4-00.01.53.703-00.02.35.685_10.jpg,test,flat,mid,flat_mid,0.1257,13.1223,0.027338,0.9522,3.541,0
c19-converted.mp4-00.01.53.703-00.02.35.685_40.jpg,test,flat,mid,flat_mid,0.7375,8.2429,0.017173,0.9346,4.066,0
c19-converted.mp4-00.03.20.301-00.05.47.074_130.jpg,test,flat,mid,flat_mid,0.5509,13.2599,0.027625,0.0000,3.372,0
c2-converted.mp4-00.04.12.298-00.06.07.792_110.jpg,test,flat,mid,flat_mid,0.2861,10.8778,0.022662,0.9685,3.586,0
c2-converted.mp4-00.04.12.298-00.06.07.792_150.jpg,test,flat,mid,flat_mid,0.1827,8.2285,0.017143,0.0000,3.595,0
c2-converted.mp4-00.04.12.298-00.06.07.792_40.jpg,test,flat,mid,flat_mid,0.9196,7.4940,0.015613,0.9578,3.580,0
c20-converted.mp4-00.05.51.134-00.10.32.300_270.jpg,test,flat,mid,flat_mid,0.2453,18.6153,0.038782,0.0000,3.213,0
c20-converted.mp4-00.05.51.134-00.10.32.300_320.jpg,test,flat,mid,flat_mid,0.0942,13.6638,0.028466,0.0000,3.607,0
c20-converted.mp4-00.05.51.134-00.10.32.300_80.jpg,test,flat,mid,flat_mid,2.4645,30.8215,0.064211,0.0000,3.146,0
c3-converted.mp4-00.08.19.510-00.09.54.902_40.jpg,test,flat,mid,flat_mid,1.1182,5.8507,0.012189,0.9528,3.436,0
d1-converted.mp4-00.05.02.749-00.09.02.120_170.jpg,test,flat,mid,flat_mid,0.0374,1.2259,0.002554,0.9912,3.764,0
d1-converted.mp4-00.05.02.749-00.09.02.120_30.jpg,test,flat,mid,flat_mid,0.5640,11.0074,0.022932,0.9654,3.397,0
d3-converted.mp4-00.12.04.422-00.13.35.453_20.jpg,test,flat,mid,flat_mid,1.5786,3.7318,0.007775,0.9859,3.392,0
d6-converted.mp4-00.02.56.484-00.05.09.707_110.jpg,test,flat,mid,flat_mid,0.3355,12.2139,0.025446,0.0000,3.797,0
d6-converted.mp4-00.02.56.484-00.05.09.707_50.jpg,test,flat,mid,flat_mid,2.7033,4.5123,0.009401,0.8775,3.699,0
da1-converted.mp4-00.06.08.479-00.08.51.651_150.jpg,test,flat,mid,flat_mid,0.0619,1.0886,0.002268,0.9915,3.362,0
da1-converted.mp4-00.06.08.479-00.08.51.651_20.jpg,test,flat,mid,flat_mid,0.7465,10.0747,0.020989,0.9766,3.463,0
da1-converted.mp4-00.06.08.479-00.08.51.651_70.jpg,test,flat,mid,flat_mid,0.1662,0.8305,0.001730,0.9955,3.371,0
e1-converted.mp4-00.05.02.178-00.08.52.285_200.jpg,test,flat,mid,flat_mid,0.5390,9.2905,0.019355,0.9705,3.436,0
e1-converted.mp4-00.05.02.178-00.08.52.285_230.jpg,test,flat,mid,flat_mid,0.4495,4.3490,0.009060,0.9715,3.154,0
e1-converted.mp4-00.05.02.178-00.08.52.285_50.jpg,test,flat,mid,flat_mid,0.9958,1.7060,0.003554,0.9757,3.763,0
e11-converted.mp4-00.01.46.321-00.04.23.535_60.jpg,test,flat,mid,flat_mid,0.3595,14.7269,0.030681,0.9198,3.775,0
e3-converted.mp4-00.10.16.899-00.10.35.648_20.jpg,test,flat,mid,flat_mid,0.1373,8.0849,0.016843,0.9683,3.422,0
e3-converted.mp4-00.10.16.899-00.10.35.648_30.jpg,test,flat,mid,flat_mid,0.3091,1.3253,0.002761,0.9865,3.573,0
e3-converted.mp4-00.12.04.506-00.12.22.501_0.jpg,test,flat,mid,flat_mid,1.3542,5.7170,0.011910,0.9894,3.334,0
e3-converted.mp4-00.12.22.416-00.13.20.606_0.jpg,test,flat,mid,flat_mid,1.6799,1.7459,0.003637,0.9720,3.298,0
e5-converted.mp4-00.03.59.817-00.06.58.241_0.jpg,test,flat,mid,flat_mid,0.1919,11.7249,0.024427,0.9441,3.535,0
e5-converted.mp4-00.03.59.817-00.06.58.241_30.jpg,test,flat,mid,flat_mid,2.0534,1.9775,0.004120,0.9543,3.265,0
e5-converted.mp4-00.03.59.817-00.06.58.241_60.jpg,test,flat,mid,flat_mid,2.3261,0.1878,0.000391,0.9265,3.868,0
e6-converted.mp4-00.02.56.059-00.05.03.817_40.jpg,test,flat,mid,flat_mid,2.9127,6.2420,0.013004,0.8735,3.760,0
e9-converted.mp4-00.01.18.280-00.01.27.092_10.jpg,test,flat,mid,flat_mid,0.1925,7.5593,0.015749,0.9343,3.723,0
e9-converted.mp4-00.01.53.675-00.03.39.513_10.jpg,test,flat,mid,flat_mid,0.3802,1.4884,0.003101,0.7608,3.612,0
e9-converted.mp4-00.03.41.068-00.05.06.504_110.jpg,test,flat,mid,flat_mid,0.1361,10.5329,0.021943,0.9514,3.437,0
a2-converted.mp4-00.04.37.277-00.04.54.650_10.jpg,test,moderate,high,moderate_high,0.9137,7.9957,0.016658,0.9590,3.488,0
a3-converted.mp4-00.06.23.404-00.07.02.976_10.jpg,test,moderate,high,moderate_high,1.2162,4.9546,0.010322,0.9645,3.392,0
a4-converted.mp4-00.05.45.507-00.06.26.877_0.jpg,test,moderate,high,moderate_high,0.3735,8.4089,0.017519,0.9604,3.147,0
c19-converted.mp4-00.02.37.436-00.03.17.091_40.jpg,test,moderate,high,moderate_high,0.2884,11.3685,0.023684,0.9562,3.454,0
c19-converted.mp4-00.03.20.301-00.05.47.074_10.jpg,test,moderate,high,moderate_high,1.4417,12.0215,0.025045,0.0000,3.806,0
c2-converted.mp4-00.04.12.298-00.06.07.792_90.jpg,test,moderate,high,moderate_high,0.0327,11.4146,0.023780,0.7983,3.813,0
d1-converted.mp4-00.05.02.749-00.09.02.120_70.jpg,test,moderate,high,moderate_high,0.3547,0.6535,0.001361,0.9964,3.327,0
d5-converted.mp4-00.04.00.521-00.07.04.857_170.jpg,test,moderate,high,moderate_high,2.7567,1.2414,0.002586,0.6937,3.808,0
e1-converted.mp4-00.05.02.178-00.08.52.285_250.jpg,test,moderate,high,moderate_high,0.2827,0.0758,0.000158,0.9966,3.505,0
e12-converted.mp4-00.01.20.478-00.02.38.637_100.jpg,test,moderate,high,moderate_high,2.0362,2.5289,0.005269,0.9421,3.409,0
e5-converted.mp4-00.03.59.817-00.06.58.241_120.jpg,test,moderate,high,moderate_high,2.2178,0.7364,0.001534,0.9224,3.654,0
e9-converted.mp4-00.01.18.280-00.01.27.092_0.jpg,test,moderate,high,moderate_high,1.8416,12.2073,0.025432,0.0000,3.797,0
a3-converted.mp4-00.06.23.404-00.07.02.976_0.jpg,test,moderate,low,moderate_low,1.2337,2.1902,0.004563,0.9191,3.599,0
b4-converted.mp4-00.07.44.544-00.08.07.367_10.jpg,test,moderate,low,moderate_low,0.4158,26.0500,0.054271,0.8970,3.491,0
c1-converted.mp4-00.07.52.353-00.09.59.939_40.jpg,test,moderate,low,moderate_low,2.0093,46.4964,0.096868,0.7648,3.798,0
c19-converted.mp4-00.01.53.703-00.02.35.685_20.jpg,test,moderate,low,moderate_low,1.3171,34.3879,0.071641,0.9038,3.486,0
c19-converted.mp4-00.02.37.436-00.03.17.091_0.jpg,test,moderate,low,moderate_low,0.5755,21.0303,0.043813,0.0000,3.990,0
c20-converted.mp4-00.05.51.134-00.10.32.300_60.jpg,test,moderate,low,moderate_low,1.7733,24.9253,0.051928,0.0000,3.875,0
c3-converted.mp4-00.08.19.510-00.09.54.902_50.jpg,test,moderate,low,moderate_low,1.3030,2.0059,0.004179,0.9513,3.612,0
d1-converted.mp4-00.05.02.749-00.09.02.120_130.jpg,test,moderate,low,moderate_low,2.5278,24.0064,0.050013,0.9471,3.711,0
d1-converted.mp4-00.05.02.749-00.09.02.120_140.jpg,test,moderate,low,moderate_low,0.4890,7.1020,0.014796,0.9822,3.760,0
d1-converted.mp4-00.05.02.749-00.09.02.120_260.jpg,test,moderate,low,moderate_low,0.3964,5.0441,0.010509,0.9545,3.476,0
d5-converted.mp4-00.04.00.521-00.07.04.857_150.jpg,test,moderate,low,moderate_low,0.3033,10.2119,0.021275,0.9364,3.982,0
da1-converted.mp4-00.06.08.479-00.08.51.651_50.jpg,test,moderate,low,moderate_low,0.8455,2.3920,0.004983,0.9765,3.705,0
e1-converted.mp4-00.05.02.178-00.08.52.285_260.jpg,test,moderate,low,moderate_low,0.4497,4.2200,0.008792,0.9608,3.359,0
e11-converted.mp4-00.01.46.321-00.04.23.535_80.jpg,test,moderate,low,moderate_low,2.0758,3.4243,0.007134,0.9266,3.361,0
e3-converted.mp4-00.10.16.899-00.10.35.648_10.jpg,test,moderate,low,moderate_low,1.1506,0.6531,0.001361,0.9749,3.538,0
e5-converted.mp4-00.03.59.817-00.06.58.241_150.jpg,test,moderate,low,moderate_low,0.3962,10.7578,0.022412,0.9356,4.030,0
e6-converted.mp4-00.02.56.059-00.05.03.817_130.jpg,test,moderate,low,moderate_low,1.8818,18.6457,0.038845,0.8186,3.769,0
e6-converted.mp4-00.02.56.059-00.05.03.817_70.jpg,test,moderate,low,moderate_low,1.4066,21.9124,0.045651,0.0000,3.615,0
e9-converted.mp4-00.01.53.675-00.03.39.513_30.jpg,test,moderate,low,moderate_low,0.0027,4.9388,0.010289,0.8187,3.839,0
e9-converted.mp4-00.01.53.675-00.03.39.513_70.jpg,test,moderate,low,moderate_low,3.3361,20.8364,0.043409,0.9944,3.731,0
b1-converted.mp4-00.08.35.755-00.09.04.151_20.jpg,test,moderate,mid,moderate_mid,0.1928,19.9572,0.041577,0.0000,3.710,0
c19-converted.mp4-00.02.37.436-00.03.17.091_10.jpg,test,moderate,mid,moderate_mid,0.6067,15.0107,0.031272,0.9533,3.548,0
c2-converted.mp4-00.03.13.281-00.03.25.305_10.jpg,test,moderate,mid,moderate_mid,0.9087,6.6414,0.013836,0.9376,3.488,0
c20-converted.mp4-00.05.51.134-00.10.32.300_230.jpg,test,moderate,mid,moderate_mid,0.3046,11.6429,0.024256,0.0000,3.997,0
c20-converted.mp4-00.05.51.134-00.10.32.300_260.jpg,test,moderate,mid,moderate_mid,0.1449,12.8885,0.026851,0.9439,3.411,0
d1-converted.mp4-00.05.02.749-00.09.02.120_180.jpg,test,moderate,mid,moderate_mid,0.3322,2.5006,0.005210,0.9822,3.318,0
e1-converted.mp4-00.05.02.178-00.08.52.285_110.jpg,test,moderate,mid,moderate_mid,0.5572,7.8639,0.016383,0.9736,3.481,0
e1-converted.mp4-00.05.02.178-00.08.52.285_150.jpg,test,steep,high,steep_high,0.0295,0.9116,0.001899,0.9908,3.925,0
a2-converted.mp4-00.08.34.720-00.08.49.080_0.jpg,test,steep,low,steep_low,0.1584,0.1025,0.000214,0.9972,3.517,0
c3-converted.mp4-00.08.19.510-00.09.54.902_20.jpg,test,steep,low,steep_low,1.8379,0.4067,0.000847,0.8980,3.925,0
e1-converted.mp4-00.05.02.178-00.08.52.285_10.jpg,test,steep,low,steep_low,0.0458,6.8509,0.014273,0.9756,3.557,0
e1-converted.mp4-00.08.57.511-00.09.02.480_0.jpg,test,steep,low,steep_low,0.1386,4.5277,0.009433,0.9570,3.357,0
